Name,Ticker,Price,Previous Close,Market Cap (B),P/E,Last Updated
Space Exploration Technologies Corp.,UXSD.SI,2.04,1.91,26.89,,2026-10-05 14:22:26
Tencent Holdings Limited,HTCD.SI,6.91,6.9,62.24,1.48,2026-10-05 14:22:26
HSBC Holdings plc,HSHD.SI,4.88,4.87,83.48,2.71,2026-10-05 14:22:26
Bank of China Limited,HBND.SI,0.96,0.965,309.32,6.86,2026-10-05 14:22:26
PetroChina Company Limited,HPCD.SI,3.09,3.09,565.53,17.17,2026-10-05 14:22:26
Alibaba Group Holding Limited,HBBD.SI,3.43,3.42,68.26,5.2,2026-10-05 14:22:26
China Mobile Limited,HCMD.SI,2.57,2.57,,,2026-10-05 14:22:26
"Contemporary Amperex Technology Co., Limited",HCCD.SI,2.65,2.59,12.26,0.77,2026-10-05 14:22:26
DBS Group Holdings Ltd,D05.SI,77.83,77.21,221.35,13.02,2026-10-05 14:22:26
"Ping An Insurance (Group) Company of China, Ltd.",HPAD.SI,4.25,4.27,76.96,2.78,2026-10-05 14:22:26
Oversea-Chinese Banking Corporation Limited,O39.SI,31.88,31.66,143.32,18.32,2026-10-05 14:22:26
BYD Company Limited,HYDD.SI,1.2,1.22,10.94,2.03,2026-10-05 14:22:26
Delta Electronics (Thailand) Public Company Limited,TDED.SI,10.14,9.84,126.48,101.4,2026-10-05 14:22:26
Semiconductor Manufacturing International Corporation,HSMD.SI,2.0,1.96,,,2026-10-05 14:22:26
Xiaomi Corporation,HXXD.SI,1.95,1.97,,,2026-10-05 14:22:26
Sea Limited,UGGD.SI,2.51,2.42,,,2026-10-05 14:22:26
United Overseas Bank Limited,U11.SI,43.06,43.11,70.99,7.66,2026-10-05 14:22:26
Meituan,HMTD.SI,2.3,2.3,,,2026-10-05 14:22:26
Singapore Telecommunications Limited,Z77.SI,4.27,4.26,70.51,12.56,2026-10-05 14:22:26
Zijin Gold International Company Limited,HZGD.SI,2.29,2.33,,,2026-10-05 14:22:26
PT Bank Central Asia Tbk,IBKD.SI,0.885,0.885,108.71,22.12,2026-10-05 14:22:26
"JD.com, Inc.",HJDD.SI,1.67,1.67,4.51,1.82,2026-10-05 14:22:26
Advanced Info Service Public Company Limited,TADD.SI,1.32,1.32,39.26,18.86,2026-10-05 14:22:26
Prudential plc,K6S.SI,14.5,14.2,35.7,10.21,2026-10-05 14:22:26
"Baidu, Inc.",HBUD.SI,1.35,1.36,,,2026-10-05 14:22:26
Singapore Technologies Engineering Ltd,S63.SI,11.23,10.97,35.03,62.39,2026-10-05 14:22:26
Gulf Development Public Company Limited,TGUD.SI,2.32,2.32,,,2026-10-05 14:22:26
Airports of Thailand Public Company Limited,TATD.SI,2.28,2.28,32.57,45.6,2026-10-05 14:22:26
Pop Mart International Group Limited,HPPD.SI,1.22,1.21,,,2026-10-05 14:22:26
Trip.com Group Limited,HTGD.SI,0.98,0.98,,,2026-10-05 14:22:26
Geely Automobile Holdings Limited,HGMD.SI,1.21,1.2,,,2026-10-05 14:22:26
Singapore Exchange Limited,S68.SI,20.75,20.99,22.22,31.92,2026-10-05 14:22:26
PTT Exploration and Production Public Company Limited,TPED.SI,5.49,5.54,21.8,7.84,2026-10-05 14:22:26
Hongkong Land Holdings Limited,H78.SI,7.99,8.05,17.02,7.54,2026-10-05 14:22:26
Wilmar International Limited,F34.SI,3.48,3.47,21.73,12.0,2026-10-05 14:22:26
IHH Healthcare Berhad,Q0F.SI,2.44,2.43,22.17,30.5,2026-10-05 14:22:26
Kasikornbank Public Company Limited,TKKD.SI,9.0,9.05,21.32,10.47,2026-10-05 14:22:26
Singapore Airlines Limited,C6L.SI,6.66,6.66,21.0,22.97,2026-10-05 14:22:26
Kuaishou Technology,HKUD.SI,0.965,0.96,,,2026-10-05 14:22:26
Jardine Matheson Holdings Limited,J36.SI,56.01,55.36,16.39,14.78,2026-10-05 14:22:26
Keppel Ltd.,BN4.SI,11.11,11.04,19.91,25.25,2026-10-05 14:22:26
Yangzijiang Shipbuilding (Holdings) Ltd.,SO7.SI,,,,,2026-10-05 14:22:26
Great Eastern Holdings Limited,G07.SI,19.7,19.64,18.65,13.05,2026-10-05 14:22:26
CapitaLand Integrated Commercial Trust,C38U.SI,2.24,2.24,17.66,14.0,2026-10-05 14:22:26
Grab Holdings Limited,UGBD.SI,1.98,2.0,8.1,14.14,2026-10-05 14:22:26
Perusahaan Perseroan (Persero) PT Telekomunikasi Indonesia Tbk,ITKD.SI,0.8,0.8,,,2026-10-05 14:22:26
CP ALL Public Company Limited,TCPD.SI,1.62,1.61,14.44,12.46,2026-10-05 14:22:26
CapitaLand Investment Limited,9CI.SI,2.47,2.47,12.33,61.75,2026-10-05 14:22:26
Bangkok Dusit Medical Services Public Company Limited,TBDD.SI,1.46,1.46,,,2026-10-05 14:22:26
The Siam Cement Public Company Limited,TSCD.SI,0.92,0.93,2.74,15.33,2026-10-05 14:22:26
CapitaLand Ascendas REIT,A17U.SI,2.22,2.22,11.09,13.88,2026-10-05 14:22:26
Thai Beverage Public Company Limited,Y92.SI,0.43,0.43,,10.75,2026-10-05 14:22:26
NIO Inc.,NIO.SI,3.41,3.45,8.68,,2026-10-05 14:22:26
Sembcorp Industries Ltd,U96.SI,5.92,5.84,10.54,17.94,2026-10-05 14:22:26
Horizon Robotics,HHZD.SI,0.65,0.66,10.32,,2026-10-05 14:22:26
Jardine Matheson Southeast Asia Limited,C07.SI,26.55,26.49,10.49,8.27,2026-10-05 14:22:26
"Laopu Gold Co., Ltd.",HLPD.SI,1.07,1.07,0.19,0.15,2026-10-05 14:22:26
Genting Singapore Limited,G13.SI,0.62,0.615,7.48,20.67,2026-10-05 14:22:26
UOL Group Limited,U14.SI,8.04,8.03,6.81,12.97,2026-10-05 14:22:26
Seatrium Limited,5E2.SI,1.99,2.03,6.74,12.44,2026-10-05 14:22:26
First Resources Limited,EB5.SI,4.3,4.13,6.66,11.62,2026-10-05 14:22:26
Charoen Pokphand Foods Public Company Limited,TPFD.SI,1.6,1.6,,22.86,2026-10-05 14:22:26
Mapletree Pan Asia Commercial Trust,N2IU.SI,1.2,1.19,6.35,24.0,2026-10-05 14:22:26
City Developments Limited,C09.SI,7.02,7.04,6.27,7.71,2026-10-05 14:22:26
Ubtech Robotics Corp Ltd,HUUD.SI,1.2,1.2,,,2026-10-05 14:22:26
PT Indofood CBP Sukses Makmur Tbk,IICD.SI,0.955,0.955,11.14,19.1,2026-10-05 14:22:26
Mapletree Logistics Trust,M44U.SI,1.08,1.09,5.55,21.6,2026-10-05 14:22:26
SATS Ltd.,S58.SI,3.74,3.73,5.56,19.68,2026-10-05 14:22:26
DFI Retail Group Holdings Limited,D01.SI,3.03,3.1,4.1,10.45,2026-10-05 14:22:26
Mapletree Industrial Trust,ME8U.SI,1.84,1.83,5.25,26.29,2026-10-05 14:22:26
Keppel DC REIT,AJBU.SI,2.13,2.13,5.85,11.83,2026-10-05 14:22:26
Venture Corporation Limited,V03.SI,16.85,16.42,4.84,20.8,2026-10-05 14:22:26
Sheng Siong Group Ltd,OV8.SI,3.2,3.21,,29.09,2026-10-05 14:22:26
Tianjin Pharmaceutical Da Ren Tang Group Corporation Limited,T14.SI,2.53,2.49,3.26,15.81,2026-10-05 14:22:26
Singapore Land Group Limited,U06.SI,3.06,3.05,4.39,11.77,2026-10-05 14:22:26
Frasers Centrepoint Trust,J69U.SI,2.08,2.07,4.24,18.91,2026-10-05 14:22:26
Keppel REIT,K71U.SI,0.845,0.845,4.21,7.68,2026-10-05 14:22:26
China Medical System Holdings Limited,8A8.SI,1.67,1.64,4.06,13.92,2026-10-05 14:22:26
Suntec Real Estate Investment Trust,T82U.SI,1.34,1.34,3.96,13.4,2026-10-05 14:22:26
Golden Agri-Resources Ltd,E5H.SI,0.31,0.31,,7.75,2026-10-05 14:22:26
Frasers Property Limited,TQ5.SI,0.98,0.97,3.85,24.5,2026-10-05 14:22:26
"AvePoint, Inc.",AVP.SI,17.98,18.0,3.8,43.85,2026-10-05 14:22:26
NetLink NBN Trust,CJLU.SI,0.955,0.955,3.72,47.75,2026-10-05 14:22:26
UOB-Kay Hian Holdings Limited,U10.SI,3.67,3.72,3.61,11.84,2026-10-05 14:22:26
SIA Engineering Company Limited,S59.SI,3.13,3.15,3.51,20.87,2026-10-05 14:22:26
AEM Holdings Ltd.,AWX.SI,10.6,10.44,3.39,75.71,2026-10-05 14:22:26
Bumitama Agri Ltd.,P8Z.SI,1.92,1.92,,12.8,2026-10-05 14:22:26
Frasers Logistics & Commercial Trust,BUOU.SI,0.865,0.865,3.29,14.42,2026-10-05 14:22:26
CapitaLand Ascott Trust,HMN.SI,0.83,0.83,3.2,11.86,2026-10-05 14:22:26
Keppel Infrastructure Trust,A7RU.SI,0.505,0.51,3.07,50.5,2026-10-05 14:22:26
Haw Par Corporation Limited,H02.SI,12.99,13.1,2.88,12.49,2026-10-05 14:22:26
ComfortDelGro Corporation Limited,C52.SI,1.27,1.27,2.75,12.7,2026-10-05 14:22:26
Parkway Life Real Estate Investment Trust,C2PU.SI,3.95,4.0,2.58,15.8,2026-10-05 14:22:26
UMS Integration Limited,558.SI,2.91,2.89,2.58,48.5,2026-10-05 14:22:26
GuocoLand Limited,F17.SI,2.23,2.28,2.49,31.86,2026-10-05 14:22:26
iFAST Corporation Ltd.,AIY.SI,8.09,8.1,2.47,21.29,2026-10-05 14:22:26
Hotel Properties Limited,H15.SI,4.56,4.57,2.42,,2026-10-05 14:22:26
Hutchison Port Holdings Trust,P7VU.SI,0.275,0.275,2.44,13.75,2026-10-05 14:22:26
Shangri-La Asia Limited,S07.SI,3.89,3.89,13.89,12.55,2026-10-05 14:22:26
"Ambiq Micro, Inc.",AMQ.SI,88.23,89.16,2.13,,2026-10-05 14:22:26
Hong Leong Asia Ltd.,H22.SI,2.61,2.63,2.08,13.05,2026-10-05 14:22:26
Yangzijiang Maritime Development Ltd.,8YZ.SI,0.58,0.585,2.02,14.5,2026-10-05 14:22:26
"Fraser and Neave, Limited",F99.SI,1.37,1.37,1.99,13.7,2026-10-05 14:22:26
StarHub Ltd,CC3.SI,1.11,1.11,1.92,6.53,2026-10-05 14:22:26
OUE Real Estate Investment Trust,TS0U.SI,0.345,0.345,1.91,34.5,2026-10-05 14:22:26
Top Glove Corporation Bhd.,BVA.SI,0.24,0.24,1.92,24.0,2026-10-05 14:22:26
Lendlease Global Commercial REIT,JYEU.SI,0.55,0.545,1.83,13.75,2026-10-05 14:22:26
The Hour Glass Limited,AGS.SI,2.84,2.91,1.8,10.14,2026-10-05 14:22:26
Centurion Accommodation REIT,8C8U.SI,1.04,1.03,1.8,26.0,2026-10-05 14:22:26
ESR-REIT,9A4U.SI,2.04,2.05,1.65,102.0,2026-10-05 14:22:26
Raffles Medical Group Ltd,BSL.SI,0.825,0.82,1.51,20.62,2026-10-05 14:22:26
CapitaLand India Trust,CY6U.SI,0.91,0.91,1.35,4.33,2026-10-05 14:22:26
Thomson Medical Group Limited,A50.SI,0.05,0.05,1.32,,2026-10-05 14:22:26
PC Partner Group Limited,PCT.SI,3.47,3.38,1.35,10.52,2026-10-05 14:22:26
PropNex Limited,OYY.SI,1.77,1.76,1.31,19.67,2026-10-05 14:22:26
Sri Trang Agro-Industry Public Company Limited,NC2.SI,0.815,0.81,1.26,81.5,2026-10-05 14:22:26
Ho Bee Land Limited,H13.SI,1.89,1.92,1.25,12.6,2026-10-05 14:22:26
Frencken Group Limited,E28.SI,2.65,2.69,1.25,29.44,2026-10-05 14:22:26
Food Empire Holdings Limited,F03.SI,1.9,1.92,1.25,14.62,2026-10-05 14:22:26
Pacific Century Regional Developments Limited,P15.SI,0.47,0.47,1.24,,2026-10-05 14:22:26
Pan-United Corporation Ltd,P52.SI,1.72,1.71,1.2,19.11,2026-10-05 14:22:26
Stoneweg Europe Stapled Trust,SEB.SI,2.11,2.14,1.19,13.19,2026-10-05 14:22:26
Starhill Global Real Estate Investment Trust,P40U.SI,0.505,0.51,1.17,25.25,2026-10-05 14:22:26
Centurion Corporation Limited,OU8.SI,1.39,1.4,1.17,9.93,2026-10-05 14:22:26
AIMS APAC REIT,O5RU.SI,1.41,1.41,1.16,10.85,2026-10-05 14:22:26
SBS Transit Ltd,S61.SI,3.73,3.71,1.17,19.63,2026-10-05 14:22:26
Wing Tai Holdings Limited,W05.SI,1.51,1.52,1.15,50.33,2026-10-05 14:22:26
China Aviation Oil (Singapore) Corporation Ltd,G92.SI,1.32,1.31,1.14,8.8,2026-10-05 14:22:26
BRC Asia Limited,BEC.SI,4.16,4.12,1.14,10.95,2026-10-05 14:22:26
Riverstone Holdings Limited,AP4.SI,0.76,0.755,1.13,15.2,2026-10-05 14:22:26
Bukit Sembawang Estates Limited,B61.SI,4.36,4.32,1.13,8.72,2026-10-05 14:22:26
Hong Leong Finance Limited,S41.SI,2.45,2.44,1.1,8.45,2026-10-05 14:22:26
CapitaLand China Trust,AU8U.SI,0.615,0.615,1.08,,2026-10-05 14:22:26
UI Boustead Real Estate Investment Trust,UIBU.SI,0.78,0.79,1.07,15.6,2026-10-05 14:22:26
Far East Hospitality Trust,Q5T.SI,0.52,0.51,1.07,26.0,2026-10-05 14:22:26
Geo Energy Resources Limited,RE4.SI,0.6,0.595,1.07,30.0,2026-10-05 14:22:26
First Sponsor Group Limited,ADN.SI,0.95,0.94,1.07,,2026-10-05 14:22:26
United Overseas Australia Ltd,EH5.SI,0.53,0.53,0.93,7.57,2026-10-05 14:22:26
Yanlord Land Group Limited,Z25.SI,0.515,0.52,0.99,,2026-10-05 14:22:26
Zheneng Jinjiang Environment Holding Company Limited,BWM.SI,0.68,0.675,0.98,6.8,2026-10-05 14:22:26
CSE Global Limited,544.SI,1.26,1.24,0.92,0.68,2026-10-05 14:22:26
CDL Hospitality Trusts,J85.SI,0.7,0.705,0.9,,2026-10-05 14:22:26
Boustead Singapore Limited,F9D.SI,1.77,1.77,0.92,3.77,2026-10-05 14:22:26
ValueMax Group Limited,T6I.SI,0.94,0.94,0.89,7.83,2026-10-05 14:22:26
Sasseur Real Estate Investment Trust,CRPU.SI,0.635,0.64,0.81,15.88,2026-10-05 14:22:26
UltraGreen.ai Limited,ULG.SI,0.545,0.565,0.6,9.08,2026-10-05 14:22:26
Civmec Limited,P9D.SI,1.52,1.52,0.77,16.89,2026-10-05 14:22:26
Foundation Healthcare Holdings Limited,FHH.SI,0.57,0.585,0.76,14.25,2026-10-05 14:22:26
Digital Core REIT,DCRU.SI,0.445,0.445,0.58,14.83,2026-10-05 14:22:26
The Straits Trading Company Limited,S20.SI,1.52,1.5,0.74,,2026-10-05 14:22:26
Hong Fok Corporation Limited,H30.SI,0.94,0.9,0.75,18.8,2026-10-05 14:22:26
Stamford Land Corporation Ltd,H07.SI,0.475,0.47,0.71,23.75,2026-10-05 14:22:26
HRnetGroup Limited,CHZ.SI,0.7,0.695,0.69,17.5,2026-10-05 14:22:26
MoneyMax Financial Services Ltd.,5WJ.SI,0.535,0.55,0.68,6.69,2026-10-05 14:22:26
Aspial Lifestyle Limited,5UF.SI,0.335,0.33,0.69,4.79,2026-10-05 14:22:26
OUE Limited,LJ3.SI,0.905,0.905,0.68,,2026-10-05 14:22:26
Yangzijiang Financial Holding Ltd.,YF8.SI,0.191,0.19,0.66,,2026-10-05 14:22:26
Singapore Post Limited,S08.SI,0.29,0.295,,14.5,2026-10-05 14:22:26
Cortina Holdings Limited,C41.SI,3.93,3.93,0.65,10.08,2026-10-05 14:22:26
VICOM Ltd,WJP.SI,1.79,1.8,0.63,13.77,2026-10-05 14:22:26
China Everbright Water Limited,U9E.SI,0.215,0.215,0.62,4.3,2026-10-05 14:22:26
iX Biopharma Ltd.,42C.SI,0.555,0.56,0.61,,2026-10-05 14:22:26
China Sunsine Chemical Holdings Ltd.,QES.SI,0.62,0.62,0.59,7.75,2026-10-05 14:22:26
Wee Hur Holdings Ltd.,E3B.SI,0.625,0.63,0.57,7.81,2026-10-05 14:22:26
Oiltek International Limited,HQU.SI,1.24,1.29,0.53,62.0,2026-10-05 14:22:26
Alpha Integrated Real Estate Investment Trust,M1GU.SI,0.485,0.485,0.55,6.93,2026-10-05 14:22:26
Nanofilm Technologies International Limited,MZH.SI,0.84,0.84,0.55,42.0,2026-10-05 14:22:26
QAF Limited,Q01.SI,0.935,0.945,0.54,13.36,2026-10-05 14:22:26
Hotel Grand Central Limited,H18.SI,0.705,0.71,0.52,,2026-10-05 14:22:26
Far East Orchard Limited,O10.SI,1.07,1.06,0.53,11.89,2026-10-05 14:22:26
Tan Chong International Limited,T15.SI,1.6,1.63,3.27,14.55,2026-10-05 14:22:26
United Overseas Insurance Limited,U13.SI,8.4,8.4,0.51,7.37,2026-10-05 14:22:26
CNMC Goldmine Holdings Limited,5TP.SI,1.23,1.25,0.5,8.79,2026-10-05 14:22:26
Marco Polo Marine Ltd.,5LY.SI,0.127,0.125,0.5,12.7,2026-10-05 14:22:26
Samudera Shipping Line Ltd,S56.SI,0.92,0.915,0.49,5.75,2026-10-05 14:22:26
Kimly Limited,1D0.SI,0.39,0.39,0.49,13.0,2026-10-05 14:22:26
GSH Corporation Limited,BDX.SI,0.194,0.197,0.47,,2026-10-05 14:22:26
Sunpower Group Ltd.,5GD.SI,0.575,0.575,0.47,9.58,2026-10-05 14:22:26
TSH Resources Berhad,TSH.SI,0.465,0.465,0.57,11.62,2026-10-05 14:22:26
Indofood Agri Resources Ltd.,5JS.SI,0.32,0.325,0.45,4.0,2026-10-05 14:22:26
Q & M Dental Group (Singapore) Limited,QC7.SI,0.465,0.475,0.44,46.5,2026-10-05 14:22:26
First Real Estate Investment Trust,AW9U.SI,0.205,0.205,0.44,20.5,2026-10-05 14:22:26
Malaysia Smelting Corporation Berhad,NPW.SI,0.53,0.54,0.45,10.6,2026-10-05 14:22:26
Delfi Limited,P34.SI,0.7,0.7,0.43,10.0,2026-10-05 14:22:26
Banyan Tree Holdings Limited,B58.SI,0.475,0.475,0.41,9.5,2026-10-05 14:22:26
Valuetronics Holdings Limited,BN2.SI,1.0,1.03,0.41,20.0,2026-10-05 14:22:26
Concord New Energy Group Limited,SEG.SI,0.054,0.054,0.42,,2026-10-05 14:22:26
Aztech Global Ltd.,8AZ.SI,0.51,0.52,0.39,12.75,2026-10-05 14:22:26
SIIC Environment Holdings Ltd.,BHK.SI,0.154,0.154,0.4,3.85,2026-10-05 14:22:26
Ever Glory United Holdings Limited,ZKX.SI,0.79,0.79,0.4,15.8,2026-10-05 14:22:26
Penguin International Limited,BTM.SI,1.78,1.71,0.39,10.47,2026-10-05 14:22:26
Micro-Mechanics (Holdings) Ltd.,5DD.SI,2.72,2.73,0.38,24.73,2026-10-05 14:22:26
Bonvests Holdings Limited,B28.SI,0.935,0.93,0.38,18.7,2026-10-05 14:22:26
Nam Cheong Limited,1MZ.SI,0.93,0.935,0.37,3.21,2026-10-05 14:22:26
OKP Holdings Limited,5CF.SI,0.695,0.69,0.37,6.95,2026-10-05 14:22:26
Sing Investments & Finance Limited,S35.SI,1.54,1.53,0.36,5.13,2026-10-05 14:22:26
Elite UK REIT,MXNU.SI,0.315,0.32,0.21,3.5,2026-10-05 14:22:26
United Hampshire US Real Estate Investment Trust,ODBU.SI,0.455,0.455,0.28,11.38,2026-10-05 14:22:26
Tuan Sing Holdings Limited,T24.SI,0.275,0.28,0.35,13.75,2026-10-05 14:22:26
Yeo Hiap Seng Limited,Y03.SI,0.56,0.55,0.35,18.67,2026-10-05 14:22:26
Mewah International Inc.,MV4.SI,0.23,0.23,0.35,11.5,2026-10-05 14:22:26
NSL Ltd,N02.SI,0.92,0.92,0.34,15.33,2026-10-05 14:22:26
Aspial Corporation Limited,A30.SI,0.153,0.154,0.34,15.3,2026-10-05 14:22:26
Soilbuild Construction Group Ltd.,ZQM.SI,0.505,0.505,0.33,4.59,2026-10-05 14:22:26
International Cement Group Ltd.,KUO.SI,0.057,0.056,0.33,5.7,2026-10-05 14:22:26
Global Resource Construction Ltd.,S3N.SI,0.092,0.092,0.31,9.2,2026-10-05 14:22:26
Metro Holdings Limited,M01.SI,0.375,0.375,0.31,,2026-10-05 14:22:26
Oxley Holdings Limited,5UX.SI,0.072,0.072,0.3,,2026-10-05 14:22:26
Azeus Systems Holdings Ltd.,BBW.SI,9.95,10.0,0.3,13.45,2026-10-05 14:22:26
ISDN Holdings Limited,I07.SI,0.63,0.64,0.29,15.75,2026-10-05 14:22:26
Daiwa House Logistics Trust,DHLU.SI,0.405,0.405,0.28,8.1,2026-10-05 14:22:26
ASL Marine Holdings Ltd.,A04.SI,0.27,0.275,0.28,9.0,2026-10-05 14:22:26
Bund Center Investment Ltd,BTE.SI,0.37,0.365,0.28,18.5,2026-10-05 14:22:26
Gallant Venture Ltd.,5IG.SI,0.051,0.051,0.28,,2026-10-05 14:22:26
PSC Corporation Ltd.,DM0.SI,0.5,0.505,0.27,12.5,2026-10-05 14:22:26
GP Industries Limited,G20.SI,0.58,0.57,0.28,9.67,2026-10-05 14:22:26
Straco Corporation Limited,S85.SI,0.305,0.32,0.26,15.25,2026-10-05 14:22:26
Hafary Holdings Limited,5VS.SI,0.63,0.63,0.27,10.5,2026-10-05 14:22:26
JB Foods Limited,BEW.SI,0.76,0.76,0.26,2.53,2026-10-05 14:22:26
Hiap Hoe Limited,5JK.SI,0.56,0.555,0.26,6.22,2026-10-05 14:22:26
Southern Alliance Mining Ltd.,QNS.SI,0.405,0.405,0.26,,2026-10-05 14:22:26
JustCo Holdings Limited,JCO.SI,0.505,0.5,,,2026-10-05 14:22:26
Hotel Royal Limited,H12.SI,2.04,2.04,0.25,18.55,2026-10-05 14:22:26
Avarga Limited,X5N.SI,2.69,2.69,0.24,15.82,2026-10-05 14:22:26
Credit Bureau Asia Limited,TCU.SI,1.04,1.06,0.24,20.8,2026-10-05 14:22:26
IREIT Global,UD1U.SI,0.18,0.18,0.24,,2026-10-05 14:22:26
BHG Retail REIT,BMGU.SI,0.45,0.46,0.23,,2026-10-05 14:22:26
Tai Sin Electric Limited,500.SI,0.505,0.515,0.23,25.25,2026-10-05 14:22:26
LHN Limited,41O.SI,0.545,0.54,0.24,10.9,2026-10-05 14:22:26
Thakral Corporation Ltd,AWI.SI,1.54,1.54,0.23,3.5,2026-10-05 14:22:26
Koh Brothers Eco Engineering Limited,5HV.SI,0.082,0.083,0.23,,2026-10-05 14:22:26
APAC Realty Limited,CLN.SI,0.525,0.52,0.23,13.12,2026-10-05 14:22:26
Multi-Chem Limited,AWZ.SI,2.43,2.48,0.22,8.1,2026-10-05 14:22:26
Chuan Hup Holdings Limited,C33.SI,0.265,0.26,0.23,26.5,2026-10-05 14:22:26
OUE Healthcare Limited,5WA.SI,0.049,0.049,0.22,,2026-10-05 14:22:26
Prime US REIT,OXMU.SI,0.117,0.117,0.17,11.7,2026-10-05 14:22:26
Info-Tech Systems Ltd.,ITS.SI,0.83,0.83,0.21,10.38,2026-10-05 14:22:26
Nordic Group Limited,MR7.SI,0.535,0.535,0.21,10.7,2026-10-05 14:22:26
Lum Chang Holdings Limited,L19.SI,0.56,0.56,0.21,6.22,2026-10-05 14:22:26
JEP Holdings Ltd.,1J4.SI,0.515,0.505,0.21,51.5,2026-10-05 14:22:26
Lum Chang Creations Limited,LCC.SI,0.32,0.31,0.21,8.0,2026-10-05 14:22:26
Tiong Woon Corporation Holding Ltd,BQM.SI,0.885,0.875,0.21,8.85,2026-10-05 14:22:26
Sing Holdings Limited,5IC.SI,0.4,0.395,0.2,1.43,2026-10-05 14:22:26
Coliwoo Holdings Limited,W8W.SI,0.4,0.405,0.19,13.33,2026-10-05 14:22:26
Helens International Holdings Company Limited,HLS.SI,0.24,0.24,0.3,,2026-10-05 14:22:26
Soon Hock Enterprise Holding Limited,SHE.SI,0.555,0.58,0.17,2.22,2026-10-05 14:22:26
ISEC Healthcare Ltd.,40T.SI,0.31,0.31,0.18,15.5,2026-10-05 14:22:26
Kencana Agri Limited,BNE.SI,0.61,0.6,0.18,6.78,2026-10-05 14:22:26
KSH Holdings Limited,ER0.SI,0.295,0.295,0.17,29.5,2026-10-05 14:22:26
Raffles Education Limited,NR7.SI,0.088,0.092,0.16,,2026-10-05 14:22:26
EGP Energy Corporation Limited,EGX.SI,0.74,0.73,0.17,12.33,2026-10-05 14:22:26
Jumbo Group Limited,42R.SI,0.27,0.275,0.16,27.0,2026-10-05 14:22:26
Acrophyte Hospitality Trust,XZL.SI,0.193,0.21,0.11,,2026-10-05 14:22:26
Mermaid Maritime Public Company Limited,DU4.SI,0.08,0.082,0.15,8.0,2026-10-05 14:22:26
Tat Seng Packaging Group Ltd,T12.SI,0.965,0.965,0.15,9.65,2026-10-05 14:22:26
Union Gas Holdings Limited,1F2.SI,0.475,0.47,0.15,7.92,2026-10-05 14:22:26
EnGro Corporation Limited,S44.SI,1.25,1.25,0.15,3.29,2026-10-05 14:22:26
XMH Holdings Ltd.,9PQ.SI,0.33,0.33,,4.71,2026-10-05 14:22:26
Old Chang Kee Ltd.,5ML.SI,1.17,1.17,0.14,14.62,2026-10-05 14:22:26
Hotung Investment Holdings Limited,BLS.SI,1.49,1.57,0.14,7.45,2026-10-05 14:22:26
Asian Pay Television Trust,S7OU.SI,0.076,0.077,0.14,0.08,2026-10-05 14:22:26
Nam Lee Pressed Metal Industries Limited,G0I.SI,0.56,0.56,0.14,5.6,2026-10-05 14:22:26
InnoTek Limited,M14.SI,0.525,0.53,0.14,52.5,2026-10-05 14:22:26
Grand Banks Yachts Limited,G50.SI,0.725,0.725,0.14,10.36,2026-10-05 14:22:26
RH PetroGas Limited,T13.SI,0.158,0.16,0.13,15.8,2026-10-05 14:22:26
Hock Lian Seng Holdings Limited,J2T.SI,0.26,0.275,0.13,,2026-10-05 14:22:26
Singapura Finance Ltd,S23.SI,0.795,0.79,0.13,0.11,2026-10-05 14:22:26
Resources Global Development Limited,V7R.SI,0.245,0.245,0.12,24.5,2026-10-05 14:22:26
ProsperCap Corporation Limited,PPC.SI,0.075,0.075,0.12,,2026-10-05 14:22:26
Infinity Development Holdings Company Limited,ZBA.SI,0.375,0.385,0.11,6.25,2026-10-05 14:22:26
Del Monte Pacific Limited,D03.SI,0.06,0.06,0.12,1.5,2026-10-05 14:22:26
Fortress Minerals Limited,OAJ.SI,0.215,0.22,0.11,7.17,2026-10-05 14:22:26
17LIVE Group Limited,LVR.SI,0.65,0.685,0.11,65.0,2026-10-05 14:22:26
Singapore Shipping Corporation Limited,S19.SI,0.285,0.285,0.12,5.7,2026-10-05 14:22:26
Ley Choon Group Holdings Limited,Q0X.SI,0.075,0.075,0.11,7.5,2026-10-05 14:22:26
Hyphens Pharma International Limited,1J5.SI,0.37,0.365,0.11,12.33,2026-10-05 14:22:26
HG Metal Manufacturing Limited,BTG.SI,0.41,0.45,0.11,10.25,2026-10-05 14:22:26
Taka Jewellery Holdings Limited,42L.SI,0.2,0.2,0.11,5.0,2026-10-05 14:22:26
Heeton Holdings Limited,5DP.SI,0.21,0.22,0.1,,2026-10-05 14:22:26
YHI International Limited,BPF.SI,0.365,0.365,0.11,36.5,2026-10-05 14:22:26
Beng Kuang Marine Limited,BEZ.SI,0.365,0.35,0.11,12.17,2026-10-05 14:22:26
Kingsmen Creatives Ltd.,5MZ.SI,0.52,0.52,0.1,7.43,2026-10-05 14:22:26
Powermatic Data Systems Limited,BCY.SI,2.9,2.91,0.1,8.29,2026-10-05 14:22:26
Huationg Global Limited,41B.SI,0.535,0.535,0.1,5.35,2026-10-05 14:22:26
Envictus International Holdings Limited,BQD.SI,0.33,0.33,0.1,11.0,2026-10-05 14:22:26
Sinostar PEC Holdings Limited,C9Q.SI,0.096,0.098,0.09,3.2,2026-10-05 14:22:26
Metis Energy Limited,L02.SI,0.031,0.031,0.09,,2026-10-05 14:22:26
Willas-Array Electronics (Holdings) Limited,BDR.SI,0.905,0.905,0.09,6.03,2026-10-05 14:22:26
iWOW Technology Limited,NXR.SI,0.265,0.26,0.1,,2026-10-05 14:22:26
Choo Chiang Holdings Ltd.,42E.SI,0.44,0.44,0.09,7.33,2026-10-05 14:22:26
AMTD IDEA Group,HKB.SI,3.38,3.38,1.63,33.8,2026-10-05 14:22:26
TeleChoice International Limited,T41.SI,0.198,0.198,0.09,9.9,2026-10-05 14:22:26
New Toyo International Holdings Ltd,N08.SI,0.205,0.205,0.09,20.5,2026-10-05 14:22:26
MetaOptics Ltd,9MT.SI,0.365,0.36,0.09,,2026-10-05 14:22:26
Winking Studios Limited,WKS.SI,0.2,0.2,0.09,,2026-10-05 14:22:26
Vibrant Group Limited,BIP.SI,0.123,0.129,0.08,6.15,2026-10-05 14:22:26
Koh Brothers Group Limited,K75.SI,0.21,0.215,0.09,5.25,2026-10-05 14:22:26
ASTI Holdings Limited,575.SI,0.11,0.112,0.09,11.0,2026-10-05 14:22:26
Baker Technology Limited,BTP.SI,0.43,0.42,0.09,,2026-10-05 14:22:26
Rex International Holding Limited,5WH.SI,0.056,0.06,0.08,,2026-10-05 14:22:26
mDR Limited,Y3D.SI,0.036,0.036,0.08,3.6,2026-10-05 14:22:26
Zhongmin Baihui Retail Group Ltd.,5SR.SI,0.42,0.42,0.08,8.4,2026-10-05 14:22:26
SUTL Enterprise Limited,BHU.SI,0.9,0.9,0.08,10.0,2026-10-05 14:22:26
The Assembly Place Holdings Ltd.,TAP.SI,0.205,0.205,0.08,10.25,2026-10-05 14:22:26
Duty Free International Limited,5SO.SI,0.065,0.065,0.08,6.5,2026-10-05 14:22:26
Oceanus Group Limited,579.SI,0.003,0.003,0.08,,2026-10-05 14:22:26
Sim Leisure Group Ltd.,URR.SI,0.465,0.465,0.08,6.64,2026-10-05 14:22:26
Uni-Asia Group Limited,CHJ.SI,0.96,0.965,0.08,12.0,2026-10-05 14:22:26
The Trendlines Group Ltd.,42T.SI,0.051,0.051,0.08,5.1,2026-10-05 14:22:26
Manulife US Real Estate Investment Trust,BTOU.SI,0.034,0.032,0.06,,2026-10-05 14:22:26
"G.H.Y Culture & Media Holding Co., Limited",XJB.SI,0.051,0.067,0.05,,2026-10-05 14:22:26
Pacific Radiance Ltd.,RXS.SI,0.049,0.051,0.07,4.9,2026-10-05 14:22:26
All-Link Air & Sea Limited,ALK.SI,0.465,0.49,0.07,9.3,2026-10-05 14:22:26
BBR Holdings (S) Ltd,KJ5.SI,0.215,0.22,0.07,21.5,2026-10-05 14:22:26
SHS Holdings Ltd.,566.SI,0.116,0.11,0.07,,2026-10-05 14:22:26
Toku Ltd.,TKU.SI,0.116,0.116,0.07,,2026-10-05 14:22:26
Parkson Retail Asia Limited,O9E.SI,0.095,0.096,0.06,3.17,2026-10-05 14:22:26
Nera Telecommunications Ltd,N01.SI,0.174,0.177,0.06,,2026-10-05 14:22:26
IFS Capital Limited,I49.SI,0.16,0.17,0.06,16.0,2026-10-05 14:22:26
Hor Kew Corporation Limited,BBP.SI,1.22,1.21,0.06,4.69,2026-10-05 14:22:26
Medtecs International Corporation Limited,546.SI,0.114,0.114,0.06,,2026-10-05 14:22:26
Yongmao Holdings Limited,BKX.SI,0.69,0.69,0.06,23.0,2026-10-05 14:22:26
Trek 2000 International Ltd,5AB.SI,0.2,0.195,0.06,6.67,2026-10-05 14:22:26
Megachem Limited,5DS.SI,0.45,0.45,0.06,9.0,2026-10-05 14:22:26
Overseas Education Limited,RQ1.SI,0.14,0.144,0.06,,2026-10-05 14:22:26
Reclaims Global Limited,NEX.SI,0.199,0.2,0.06,6.63,2026-10-05 14:22:26
Sin Heng Heavy Machinery Limited,BKA.SI,0.54,0.54,0.06,13.5,2026-10-05 14:22:26
YKGI Limited,YK9.SI,0.139,0.139,0.06,13.9,2026-10-05 14:22:26
LMS Compliance Ltd.,LMS.SI,0.435,0.425,0.06,21.75,2026-10-05 14:22:26
Sunright Limited,S71.SI,0.48,0.47,0.06,48.0,2026-10-05 14:22:26
Sarine Technologies Ltd.,U77.SI,0.169,0.169,0.06,,2026-10-05 14:22:26
Yunnan Energy International Co. Limited,T43.SI,0.083,0.083,0.02,,2026-10-05 14:22:26
Audience Analytics Limited,1AZ.SI,0.245,0.245,0.06,12.25,2026-10-05 14:22:26
Attika Group Ltd.,53W.SI,0.215,0.21,0.06,21.5,2026-10-05 14:22:26
Embracing Future Holdings Limited,8YY.SI,0.032,0.032,0.06,,2026-10-05 14:22:26
HC Surgical Specialists Limited,1B1.SI,0.36,0.36,0.06,7.2,2026-10-05 14:22:26
Wilton Resources Corporation Limited,5F7.SI,0.026,0.021,0.07,,2026-10-05 14:22:26
Serial System Ltd,S69.SI,0.062,0.06,,6.2,2026-10-05 14:22:26
A-Sonic Aerospace Limited,BTJ.SI,0.535,0.535,0.05,10.7,2026-10-05 14:22:26
Salt Investments Limited,FQ7.SI,0.003,0.002,0.08,,2026-10-05 14:22:26
Union Steel Holdings Limited,ZB9.SI,0.44,0.44,0.05,7.33,2026-10-05 14:22:26
Accrelist Ltd.,QZG.SI,0.161,0.163,0.05,,2026-10-05 14:22:26
Karin Technology Holdings Limited,K29.SI,0.24,0.24,0.05,,2026-10-05 14:22:26
Wong Fong Industries Limited,1A1.SI,0.215,0.215,0.05,4.3,2026-10-05 14:22:26
ISOTeam Ltd.,5WF.SI,0.064,0.063,0.05,6.4,2026-10-05 14:22:26
Zixin Group Holdings Limited,42W.SI,0.025,0.024,0.05,2.5,2026-10-05 14:22:26
Kim Heng Limited,5G2.SI,0.074,0.071,0.05,,2026-10-05 14:22:26
TA Corporation Ltd,PA3.SI,0.084,0.084,0.05,4.2,2026-10-05 14:22:26
Vallianz Holdings Limited,WPC.SI,0.041,0.041,0.05,4.1,2026-10-05 14:22:26
Lincotrade & Associates Holdings Limited,BFT.SI,0.27,0.27,0.05,5.4,2026-10-05 14:22:26
Singapore Institute of Advanced Medicine Holdings Ltd.,9G2.SI,0.028,0.028,0.05,,2026-10-05 14:22:26
Octopus (APAC) Holdings Limited,43A.SI,0.041,0.042,0.05,,2026-10-05 14:22:26
TIH Limited,T55.SI,0.193,0.193,0.05,6.43,2026-10-05 14:22:26
Atlantic Navigation Holdings (Singapore) Limited,5UL.SI,0.089,0.089,0.05,8.9,2026-10-05 14:22:26
Creative Technology Ltd,C76.SI,0.67,0.66,0.05,,2026-10-05 14:22:26
Ellipsiz Ltd,BIX.SI,0.275,0.275,0.05,27.5,2026-10-05 14:22:26
Alset International Limited,40V.SI,0.014,0.013,0.05,,2026-10-05 14:22:26
Amcorp Global Limited,S9B.SI,0.1,0.1,0.04,,2026-10-05 14:22:26
World Precision Machinery Limited,B49.SI,0.11,0.11,0.04,,2026-10-05 14:22:26
Mencast Holdings Ltd.,5NF.SI,0.091,0.091,0.04,,2026-10-05 14:22:26
Ossia International Limited,O08.SI,0.17,0.17,0.04,8.5,2026-10-05 14:22:26
MTQ Corporation Limited,M05.SI,0.199,0.19,0.04,,2026-10-05 14:22:26
Combine Will International Holdings Limited,N0Z.SI,1.3,1.3,0.04,6.84,2026-10-05 14:22:26
Samurai 2K Aerosol Limited,Y8E.SI,0.125,0.125,0.04,6.25,2026-10-05 14:22:26
Chemical Industries (Far East) Limited,C05.SI,0.55,0.56,0.04,,2026-10-05 14:22:26
TOTM Technologies Limited,42F.SI,0.024,0.025,0.04,,2026-10-05 14:22:26
Skylink Holdings Limited,XZB.SI,0.199,0.199,0.05,,2026-10-05 14:22:26
Goodland Group Limited,5PC.SI,0.115,0.115,,11.5,2026-10-05 14:22:26
Ying Li International Real Estate Limited,5DM.SI,0.016,0.017,0.04,,2026-10-05 14:22:26
Federal International (2000) Ltd,BDU.SI,0.28,0.29,0.04,28.0,2026-10-05 14:22:26
Bromat Holdings Ltd.,9I7.SI,0.093,0.09,0.04,,2026-10-05 14:22:26
Intraco Limited,I06.SI,0.38,0.38,0.04,19.0,2026-10-05 14:22:26
LHT Holdings Limited,BEI.SI,0.76,0.76,0.04,,2026-10-05 14:22:26
KOP Limited,5I1.SI,0.043,0.036,0.05,,2026-10-05 14:22:26
Sanli Environmental Limited,1E3.SI,0.115,0.118,0.04,11.5,2026-10-05 14:22:26
Medi Lifestyle Limited,Z4D.SI,0.051,0.051,0.04,,2026-10-05 14:22:26
Global Testing Corporation Limited,AYN.SI,1.13,1.1,0.04,10.27,2026-10-05 14:22:26
China Environmental Resources Group Limited,UIX.SI,0.063,0.073,0.04,,2026-10-05 14:22:26
Alliance Healthcare Group Limited,MIJ.SI,0.18,0.18,0.04,9.0,2026-10-05 14:22:26
Aedge Group Limited,XVG.SI,0.205,0.21,0.04,10.25,2026-10-05 14:22:26
Metrocon Holdings Limited,WYO.SI,0.235,0.235,0.04,,2026-10-05 14:22:26
OTS Holdings Limited,OTS.SI,0.166,0.166,0.04,,2026-10-05 14:22:26
Chasen Holdings Limited,5NV.SI,0.091,0.093,0.04,4.55,2026-10-05 14:22:26
Vicplas International Ltd,569.SI,0.069,0.069,0.04,,2026-10-05 14:22:26
HL Global Enterprises Limited,AVX.SI,0.37,0.37,0.03,18.5,2026-10-05 14:22:26
Soon Lian Holdings Limited,5MD.SI,0.325,0.32,0.04,4.06,2026-10-05 14:22:26
Tiong Seng Holdings Limited,BFI.SI,0.074,0.074,0.03,,2026-10-05 14:22:26
Fuji Offset Plates Manufacturing Ltd,508.SI,0.615,0.615,0.04,61.5,2026-10-05 14:22:26
9R Limited,1Y1.SI,0.027,0.03,0.03,,2026-10-05 14:22:26
King Wan Corporation Limited,554.SI,0.043,0.042,0.03,,2026-10-05 14:22:26
Hong Lai Huat Group Limited,CTO.SI,0.067,0.067,0.03,2.23,2026-10-05 14:22:26
Jawala Inc.,1J7.SI,0.27,0.27,0.03,,2026-10-05 14:22:26
Jiutian Chemical Group Limited,C8R.SI,0.016,0.016,0.03,,2026-10-05 14:22:26
Kin Global Limited,KIN.SI,0.161,0.163,0.03,,2026-10-05 14:22:26
Advancer Global Limited,43Q.SI,0.125,0.125,0.03,12.5,2026-10-05 14:22:26
PNE Industries Ltd,BDA.SI,0.37,0.37,0.03,,2026-10-05 14:22:26
Cordlife Group Limited,P8A.SI,0.121,0.121,0.03,,2026-10-05 14:22:26
Avi-Tech Holdings Limited,1R6.SI,0.181,0.181,0.03,,2026-10-05 14:22:26
Hengyang Petrochemical Logistics Limited,5PD.SI,0.15,0.15,0.03,,2026-10-05 14:22:26
Hiap Tong Corporation Ltd.,5PO.SI,0.095,0.095,0.03,9.5,2026-10-05 14:22:26
Pavillon Holdings Ltd.,596.SI,0.021,0.021,0.03,,2026-10-05 14:22:26
Enviro-Hub Holdings Ltd.,L23.SI,0.019,0.018,0.03,,2026-10-05 14:22:26
Astaka Holdings Limited,9SY.SI,0.153,0.153,,,2026-10-05 14:22:26
Sitra Holdings (International) Limited,5LE.SI,0.019,0.019,0.03,,2026-10-05 14:22:26
HealthBank Holdings Limited,40B.SI,0.13,0.13,0.03,,2026-10-05 14:22:26
Southern Archipelago Ltd.,A33.SI,0.001,0.001,,,2026-10-05 14:22:26
Mooreast Holdings Ltd.,1V3.SI,0.095,0.09,0.03,9.5,2026-10-05 14:22:26
Sheffield Green Ltd.,SGR.SI,0.145,0.145,0.03,14.5,2026-10-05 14:22:26
MindChamps PreSchool Limited,CNE.SI,0.111,0.111,0.03,11.1,2026-10-05 14:22:26
Medinex Limited,OTX.SI,0.2,0.198,0.03,10.0,2026-10-05 14:22:26
GDS Global Limited,5VP.SI,0.056,0.056,0.03,,2026-10-05 14:22:26
Vin's Holdings Ltd,VIN.SI,0.2,0.2,0.03,20.0,2026-10-05 14:22:26
Keong Hong Holdings Limited,5TT.SI,0.11,0.11,0.03,11.0,2026-10-05 14:22:26
Abundance International Limited,541.SI,0.02,0.021,0.03,,2026-10-05 14:22:26
OneApex Limited,5SY.SI,0.3,0.3,0.03,,2026-10-05 14:22:26
Khong Guan Limited,K03.SI,0.965,0.965,0.02,,2026-10-05 14:22:26
UnUsUaL Limited,1D1.SI,0.024,0.024,0.02,,2026-10-05 14:22:26
Tye Soon Limited,BFU.SI,0.28,0.28,0.02,7.0,2026-10-05 14:22:26
CapAllianz Holdings Limited,594.SI,0.002,0.002,0.03,,2026-10-05 14:22:26
ecoWise Holdings Limited,5CT.SI,0.021,0.021,0.02,,2026-10-05 14:22:26
H2G Green Limited,5AI.SI,0.01,0.01,0.02,,2026-10-05 14:22:26
BH Global Corporation Limited,BQN.SI,0.079,0.079,0.02,7.9,2026-10-05 14:22:26
Serial Achieva Limited,XHV.SI,0.123,0.123,0.02,,2026-10-05 14:22:26
Koda Ltd,BJZ.SI,0.28,0.28,0.02,9.33,2026-10-05 14:22:26
Leong Guan Holdings Limited,LGH.SI,0.2,0.23,,0.53,2026-10-05 14:22:26
CH Offshore Ltd.,C13.SI,0.011,0.011,0.02,,2026-10-05 14:22:26
Southern Packaging Group Limited,BQP.SI,0.33,0.33,0.02,6.6,2026-10-05 14:22:26
Courage Investment Group Limited,CIN.SI,0.018,0.018,0.02,,2026-10-05 14:22:26
Interra Resources Limited,5GI.SI,0.036,0.036,0.02,3.6,2026-10-05 14:22:26
TrickleStar Limited,CYW.SI,0.09,0.094,0.02,,2026-10-05 14:22:26
AP Oil International Limited,5AU.SI,0.135,0.125,0.02,13.5,2026-10-05 14:22:26
Tung Lok Restaurants (2000) Ltd,540.SI,0.08,0.08,0.02,,2026-10-05 14:22:26
British and Malayan Holdings Limited,CJN.SI,2.5,2.5,0.02,,2026-10-05 14:22:26
Aspen (Group) Holdings Limited,1F3.SI,0.022,0.02,0.02,,2026-10-05 14:22:26
Brook Crompton Holdings Ltd.,AWC.SI,0.57,0.595,0.02,9.5,2026-10-05 14:22:26
Prospera Global Limited,5HH.SI,0.022,0.025,0.02,,2026-10-05 14:22:26
Ascent Bridge Limited,AWG.SI,0.19,0.19,0.02,,2026-10-05 14:22:26
Lion Asiapac Limited,BAZ.SI,0.245,0.245,0.02,,2026-10-05 14:22:26
Hosen Group Ltd.,5EV.SI,0.061,0.061,0.02,6.1,2026-10-05 14:22:26
mm2 Asia Ltd.,1B0.SI,0.003,0.003,0.02,,2026-10-05 14:22:26
UpHealth Group Limited,GRQ.SI,0.13,0.13,0.02,,2026-10-05 14:22:26
Japan Foods Holding Ltd.,5OI.SI,0.112,0.112,0.02,,2026-10-05 14:22:26
LY Corporation Limited,1H8.SI,0.038,0.038,0.02,,2026-10-05 14:22:26
Asia-Pacific Strategic Investments Limited,5RA.SI,0.001,0.001,0.02,,2026-10-05 14:22:26
Le tree Holdings Limited,E6R.SI,0.002,0.002,0.02,,2026-10-05 14:22:26
Polaris Ltd.,5BI.SI,0.001,0.001,0.02,,2026-10-05 14:22:26
Pan Hong Holdings Group Limited,P36.SI,0.033,0.033,0.02,,2026-10-05 14:22:26
Lion-OCBC Hang Seng TECH ETF,HST.SI,0.667,0.663,,,2026-10-05 14:22:26
Lion-Phillip S-REIT ETF,CLR.SI,0.76,0.759,,,2026-10-05 14:22:26
